id,name,email,created_at
1,John Smith,john.smith@email.com,2024-01-15T10:30:00Z
2,Sarah Johnson,sarah.johnson@email.com,2024-01-16T14:20:00Z
3,Michael Brown,michael.brown@email.com,2024-01-17T09:15:00Z
4,Emily Davis,emily.davis@email.com,2024-01-18T16:45:00Z
5,David Wilson,david.wilson@email.com,2024-01-19T11:30:00Z
6,Lisa Anderson,lisa.anderson@email.com,2024-01-20T13:25:00Z
7,Robert Taylor,robert.taylor@email.com,2024-01-21T08:50:00Z
8,Jennifer Martinez,jennifer.martinez@email.com,2024-01-22T15:10:00Z
9,William Garcia,william.garcia@email.com,2024-01-23T12:40:00Z
10,Amanda Rodriguez,amanda.rodriguez@email.com,2024-01-24T17:20:00Z